{"type":"courseware-structural-elements","id":"123756","attributes":{"position":0,"title":"Lecture 01: Introduction","purpose":"","payload":{},"public":0,"release-date":null,"withdraw-date":null,"read-approval":{},"write-approval":{},"copy-approval":{},"can-edit":true,"external-relations":{},"mkdate":"2022-03-17T17:42:08+01:00","chdate":"2022-04-10T14:33:04+02:00"},"containers":[{"type":"courseware-containers","id":"87567","attributes":{"position":0,"site":0,"container-type":"list","title":"Liste","width":"volle Breite","visible":false,"payload":{"colspan":"full","sections":[{"name":"first element","icon":"","blocks":["193493"]}]},"mkdate":"2022-03-31T13:19:58+02:00","chdate":"2022-03-31T13:20:06+02:00"},"blocks":[{"type":"courseware-blocks","id":"193493","attributes":{"position":0,"block-type":"table-of-contents","title":"Inhaltsverzeichnis","visible":true,"payload":{"title":"","style":"tiles"},"mkdate":"2022-03-31T13:20:05+02:00","chdate":"2022-03-31T13:20:15+02:00"}}]}],"children":[{"type":"courseware-structural-elements","id":"125400","attributes":{"position":0,"title":"About this Course","purpose":"","payload":{},"public":0,"release-date":null,"withdraw-date":null,"read-approval":{},"write-approval":{},"copy-approval":{},"can-edit":true,"external-relations":{},"mkdate":"2022-04-01T16:39:40+02:00","chdate":"2022-04-04T11:38:52+02:00"},"links":{"self":"/jsonapi.php/v1/courseware-structural-elements/125400"},"containers":[{"type":"courseware-containers","id":"88221","attributes":{"position":0,"site":0,"container-type":"list","title":"Liste","width":"volle Breite","visible":false,"payload":{"colspan":"full","sections":[{"name":"first element","icon":"","blocks":["195034"]}]},"mkdate":"2022-04-04T00:40:00+02:00","chdate":"2022-04-04T00:40:10+02:00"},"blocks":[{"type":"courseware-blocks","id":"195034","attributes":{"position":0,"block-type":"text","title":"Text","visible":true,"payload":{"text":"<!--HTML-->\n\n\n<h1>Course Structure</h1>\n\n<h2>How this course works</h2>\n \n\n<ul><li>new lecture <strong>content</strong> will be uploaded weekly on <strong>Mondays</strong></li>\n</ul>\n \n\n<ul><li>there will be <strong>optional</strong> offline and online <strong>Coding</strong> <strong>Supports</strong> on <strong>Monday</strong> <strong>10:00</strong> and <strong>Fridays 14:00</strong> for general help and questions</li>\n</ul>\n \n\n<ul><li>there will be <strong>optional</strong> online <strong>Collaborative</strong> <strong>Coding</strong>  sessions on <strong>Thursdays</strong> <strong>18:00</strong> for more in depth exercises and exploration</li>\n</ul>\n \n\n<ul><li>the <strong>homework</strong> will be uploaded with the lecture content on <strong>Mondays</strong> and is <strong>due</strong> on the <strong>following</strong> <strong>week</strong> on <strong>Tuesday</strong> <strong>23:59</strong>, so 1.5 weeks time</li>\n</ul>\n \n\n<h2><br /><br />\nHow to pass the course</h2>\nTo pass this course you will need to pass N-2 of the weekly homework's and if you want a grade, you will need to hand in a project at the end of the course.<br />\nWe will tell you more about the project later in the course.\n<h2><br />\nCommunication</h2>\nFor all course related questions you can make use of the <strong>forum </strong>to ask questions and also answer those of your fellow students.\n\n<h2><br />\nTentative Schedule</h2>\n\n<ul><li>L01 - Introduction</li>\n\t<li>L02 - Basic Python</li>\n\t<li>L03 - Advanced Python</li>\n\t<li>L04 - Basic NumPy</li>\n\t<li>L05 - Code Quality and Debugging</li>\n\t<li>L06 - Plotting with Matplotlib</li>\n\t<li>L07 - Framing Data with Pandas</li>\n\t<li>L08 - Cleaning and Analyzing Data with Pandas</li>\n\t<li>L09 - Advanced Visualization</li>\n\t<li>L10 - Scientific Programming with SciPy</li>\n\t<li>L11 - TBA</li>\n\t<li>L12 - TBA</li>\n\t<li>L13 - TBA</li>\n</ul>"},"mkdate":"2022-04-04T00:40:09+02:00","chdate":"2022-04-23T21:13:38+02:00"}}]}],"children":[]},{"type":"courseware-structural-elements","id":"124018","attributes":{"position":1,"title":"Jupyter Lab Intro","purpose":"","payload":{},"public":0,"release-date":null,"withdraw-date":null,"read-approval":{},"write-approval":{},"copy-approval":{},"can-edit":true,"external-relations":{},"mkdate":"2022-03-22T23:44:04+01:00","chdate":"2022-04-04T11:41:26+02:00"},"links":{"self":"/jsonapi.php/v1/courseware-structural-elements/124018"},"containers":[{"type":"courseware-containers","id":"86599","attributes":{"position":0,"site":0,"container-type":"list","title":"Liste","width":"volle Breite","visible":false,"payload":{"colspan":"full","sections":[{"name":"first element","icon":"","blocks":["195128","195347","195348"]}]},"mkdate":"2022-03-22T23:46:04+01:00","chdate":"2022-04-04T14:22:18+02:00"},"blocks":[{"type":"courseware-blocks","id":"195128","attributes":{"position":0,"block-type":"text","title":"Text","visible":true,"payload":{"text":"<!--HTML-->\n\n\n<h1>Jupyter Lab Intro</h1>\n"},"mkdate":"2022-04-04T11:57:28+02:00","chdate":"2022-04-06T14:50:20+02:00"}},{"type":"courseware-blocks","id":"195346","attributes":{"position":2,"block-type":"video","title":"Video","visible":true,"payload":{"title":"Introduction into Jupyter Lab","source":"web","file_id":"","web_url":"https://youtu.be/A9q_bRflwNs","aspect":"169","context_menu":"enabled","autoplay":"disabled"},"mkdate":"2022-04-04T14:14:21+02:00","chdate":"2022-04-04T14:19:17+02:00"}},{"type":"courseware-blocks","id":"195347","attributes":{"position":2,"block-type":"embed","title":"Embed","visible":true,"payload":{"title":"Introduction into Jupyter Lab","url":"https://youtu.be/A9q_bRflwNs","source":"youtube","starttime":"","endtime":"","oembed_request":"https://www.youtube.com/oembed?url=https%3A%2F%2Fyoutu.be%2FA9q_bRflwNs&format=json","oembed-unauthorized":false,"oembed-not-found":false,"oembed":{"title":"Intro Jupyter lab","author_name":"Argha Sarker","author_url":"https://www.youtube.com/channel/UCCVp60SayuX-hKPCh1V2lJA","type":"video","height":113,"width":200,"version":"1.0","provider_name":"YouTube","provider_url":"https://www.youtube.com/","thumbnail_height":360,"thumbnail_width":480,"thumbnail_url":"https://i.ytimg.com/vi/A9q_bRflwNs/hqdefault.jpg","html":"<iframe width=\"200\" height=\"113\" src=\"https://www.youtube.com/embed/A9q_bRflwNs?feature=oembed\" frameborder=\"0\" allow=\"accelerometer; autoplay; clipboard-write; encrypted-media; gyroscope; picture-in-picture\" allowfullscreen></iframe>"},"request":"{\"title\":\"Intro Jupyter lab\",\"author_name\":\"Argha Sarker\",\"author_url\":\"https://www.youtube.com/channel/UCCVp60SayuX-hKPCh1V2lJA\",\"type\":\"video\",\"height\":113,\"width\":200,\"version\":\"1.0\",\"provider_name\":\"YouTube\",\"provider_url\":\"https://www.youtube.com/\",\"thumbnail_height\":360,\"thumbnail_width\":480,\"thumbnail_url\":\"https://i.ytimg.com/vi/A9q_bRflwNs/hqdefault.jpg\",\"html\":\"\\u003ciframe width=\\u0022200\\u0022 height=\\u0022113\\u0022 src=\\u0022https://www.youtube.com/embed/A9q_bRflwNs?feature=oembed\\u0022 frameborder=\\u00220\\u0022 allow=\\u0022accelerometer; autoplay; clipboard-write; encrypted-media; gyroscope; picture-in-picture\\u0022 allowfullscreen\\u003e\\u003c/iframe\\u003e\"}"},"mkdate":"2022-04-04T14:20:02+02:00","chdate":"2022-04-04T14:20:26+02:00"}},{"type":"courseware-blocks","id":"195348","attributes":{"position":3,"block-type":"text","title":"Text","visible":true,"payload":{"text":"<!--HTML-->\n\n\n<pre>\n<a class=\"link-extern\" href=\"https://jupyterlab.readthedocs.io/en/stable/user/interface.html\" target=\"_blank\" rel=\"noreferrer noopener\">jupyter lab documentation</a> (find cool shortcuts and many more here!)\n\n<a class=\"link-extern\" href=\"https://jupyter-notebook.readthedocs.io/en/stable/examples/Notebook/Typesetting%20Equations.html\" target=\"_blank\" rel=\"noreferrer noopener\">How to write mathematical formulas in Markdown Cell</a>\n\n</pre>\n"},"mkdate":"2022-04-04T14:22:16+02:00","chdate":"2022-04-04T14:25:17+02:00"}}]}],"children":[]},{"type":"courseware-structural-elements","id":"125612","attributes":{"position":3,"title":"Why Python?","purpose":"","payload":{},"public":0,"release-date":null,"withdraw-date":null,"read-approval":{},"write-approval":{},"copy-approval":{},"can-edit":true,"external-relations":{},"mkdate":"2022-04-03T21:02:11+02:00","chdate":"2022-04-04T11:35:44+02:00"},"links":{"self":"/jsonapi.php/v1/courseware-structural-elements/125612"},"containers":[{"type":"courseware-containers","id":"88191","attributes":{"position":0,"site":0,"container-type":"list","title":"Liste","width":"volle Breite","visible":false,"payload":{"colspan":"full","sections":[{"name":"first element","icon":"","blocks":["194980"]}]},"mkdate":"2022-04-03T21:03:40+02:00","chdate":"2022-04-03T21:03:48+02:00"},"blocks":[{"type":"courseware-blocks","id":"194980","attributes":{"position":0,"block-type":"embed","title":"Embed","visible":true,"payload":{"title":"What is Python and Why are we using it?","url":"https://www.youtube.com/watch?v=BmqG8jUlW_U","source":"youtube","starttime":"","endtime":"","oembed_request":"https://www.youtube.com/oembed?url=https%3A%2F%2Fwww.youtube.com%2Fwatch%3Fv%3DBmqG8jUlW_U&format=json","oembed-unauthorized":false,"oembed-not-found":false,"oembed":{"title":"What is Python and Why are we using it?","author_name":"Robin Horn","author_url":"https://www.youtube.com/channel/UC0zFIbo84jRR5z3qveQn-IQ","type":"video","height":113,"width":200,"version":"1.0","provider_name":"YouTube","provider_url":"https://www.youtube.com/","thumbnail_height":360,"thumbnail_width":480,"thumbnail_url":"https://i.ytimg.com/vi/BmqG8jUlW_U/hqdefault.jpg","html":"<iframe width=\"200\" height=\"113\" src=\"https://www.youtube.com/embed/BmqG8jUlW_U?feature=oembed\" frameborder=\"0\" allow=\"accelerometer; autoplay; clipboard-write; encrypted-media; gyroscope; picture-in-picture\" allowfullscreen></iframe>"},"request":"{\"title\":\"What is Python and Why are we using it?\",\"author_name\":\"Robin Horn\",\"author_url\":\"https://www.youtube.com/channel/UC0zFIbo84jRR5z3qveQn-IQ\",\"type\":\"video\",\"height\":113,\"width\":200,\"version\":\"1.0\",\"provider_name\":\"YouTube\",\"provider_url\":\"https://www.youtube.com/\",\"thumbnail_height\":360,\"thumbnail_width\":480,\"thumbnail_url\":\"https://i.ytimg.com/vi/BmqG8jUlW_U/hqdefault.jpg\",\"html\":\"\\u003ciframe width=\\u0022200\\u0022 height=\\u0022113\\u0022 src=\\u0022https://www.youtube.com/embed/BmqG8jUlW_U?feature=oembed\\u0022 frameborder=\\u00220\\u0022 allow=\\u0022accelerometer; autoplay; clipboard-write; encrypted-media; gyroscope; picture-in-picture\\u0022 allowfullscreen\\u003e\\u003c/iframe\\u003e\"}"},"mkdate":"2022-04-03T21:03:47+02:00","chdate":"2022-04-03T21:05:06+02:00"}}]}],"children":[]},{"type":"courseware-structural-elements","id":"125623","attributes":{"position":4,"title":"Git and GitHub","purpose":"","payload":{},"public":0,"release-date":null,"withdraw-date":null,"read-approval":{},"write-approval":{},"copy-approval":{},"can-edit":true,"external-relations":{},"mkdate":"2022-04-03T21:54:47+02:00","chdate":"2022-04-04T11:35:05+02:00"},"links":{"self":"/jsonapi.php/v1/courseware-structural-elements/125623"},"containers":[{"type":"courseware-containers","id":"88209","attributes":{"position":2,"site":0,"container-type":"list","title":"Liste","width":"volle Breite","visible":false,"payload":{"colspan":"full","sections":[{"name":"erstes Element","icon":"","blocks":["195005","195010","195011","195019","195033"]}]},"mkdate":"2022-04-03T21:58:31+02:00","chdate":"2022-04-03T23:43:58+02:00"},"blocks":[{"type":"courseware-blocks","id":"195005","attributes":{"position":0,"block-type":"text","title":"Text","visible":true,"payload":{"text":"<!--HTML-->\n\n\n<h1><strong>Git and GitHub</strong></h1>\nOn this page you will get some background information on Git and GitHub, as well as an overview about the most important git commands.<br />\n(Below this cell should be a video. In case it is not shown to you, I have put a copy of the same video in the end.)"},"mkdate":"2022-04-03T21:59:13+02:00","chdate":"2022-04-03T23:46:11+02:00"}},{"type":"courseware-blocks","id":"195010","attributes":{"position":1,"block-type":"plugin-opencast-video","title":"Opencast","visible":true,"payload":{"series_id":"9c30f36d-7973-4d72-a2ca-927610ec40c8","episode_id":"5ed3ebcc-a575-4e8a-a45b-eed8940b89ba","url":"https://video4.virtuos.uni-osnabrueck.de/paella/ui/watch.html?id=5ed3ebcc-a575-4e8a-a45b-eed8940b89ba","visible":"invisible"},"mkdate":"2022-04-03T22:05:31+02:00","chdate":"2022-04-03T23:44:54+02:00"}},{"type":"courseware-blocks","id":"195011","attributes":{"position":2,"block-type":"text","title":"Text","visible":true,"payload":{"text":"<!--HTML-->\n\n\n<h2>Most Important Commands</h2>\n<br /><strong>git clone </strong>[URL]<br />\n- Creates a local git repository and fills it with the content of the remote repository with the given URL.<br /><br /><strong>git add </strong>[file/folder/several files or folders, with a whitespace in between]<br />\n- The specified files are added to the next commit.<br />\n- These files are now \"staged\"<br /><br /><strong>git status</strong><br />\n- Lists all files, that have been staged for the next commit.<br /><br /><strong>git reset </strong>[file/folder]<br />\n- The indicated files are removed from the next commit.<br /><br /><strong>git commit -m</strong> [\"short message in quotation marks\"]<br />\n- The final preparation before uploading the staged files.<br />\n- There has to be a short message in the end. Try to write something that describes the changes that you did. This can be an invaluable information when you try to find a specific commit at some point.<br /><br /><strong>git push</strong><br />\n- The commited files will be uploaded to github.<br />\n- Git will not simply replace the online files, but keep track of the deltas; the specific changes that have been made.<br /><br />\n "},"mkdate":"2022-04-03T22:06:21+02:00","chdate":"2022-04-03T23:46:28+02:00"}},{"type":"courseware-blocks","id":"195019","attributes":{"position":4,"block-type":"text","title":"Text","visible":true,"payload":{"text":"<!--HTML-->\n\n\n<h2>Useful Links<br />\n </h2>\n\n<h3><strong>Git cheat sheet (by GitHub)</strong></h3>\n\n<div><a href=\"https://education.github.com/git-cheat-sheet-education.pdf\" class=\"link-extern\" target=\"_blank\" rel=\"noreferrer noopener\">https://education.github.com/git-cheat-sheet-education.pdf</a><br />\n </div>\n\n<h3>GitHub Credentials</h3>\n\n<div>For pushing your commits to a GitHub repository, GitHub requires you to identify yourself and your GitHub password is not enough for this since a few months. You will require an access token. In the end this will simply be an auto-generated string that works pretty similar to a password.</div>\n\n<h4><strong>Background</strong></h4>\n\n<div><a href=\"https://github.blog/2020-12-15-token-authentication-requirements-for-git-operations/\" class=\"link-extern\" target=\"_blank\" rel=\"noreferrer noopener\">https://github.blog/2020-12-15-token-authentication-requirements-for-git-operations/</a></div>\n\n<h4><strong>Create Personal Access Token</strong></h4>\n\n<div><a href=\"https://docs.github.com/en/authentication/keeping-your-account-and-data-secure/creating-a-personal-access-token\" class=\"link-extern\" target=\"_blank\" rel=\"noreferrer noopener\">https://docs.github.com/en/authentication/keeping-your-account-and-data-secure/creating-a-personal-access-token</a></div>\n\n<h4><strong>Automatize Token Based Authentication</strong></h4>\n\n<div><a href=\"https://docs.github.com/en/get-started/getting-started-with-git/caching-your-github-credentials-in-git\" class=\"link-extern\" target=\"_blank\" rel=\"noreferrer noopener\">https://docs.github.com/en/get-started/getting-started-with-git/caching-your-github-credentials-in-git</a></div>\n"},"mkdate":"2022-04-03T22:19:37+02:00","chdate":"2022-04-03T22:39:13+02:00"}},{"type":"courseware-blocks","id":"195032","attributes":{"position":4,"block-type":"plugin-opencast-video","title":"Opencast","visible":true,"payload":{"series_id":"9c30f36d-7973-4d72-a2ca-927610ec40c8","episode_id":"5ed3ebcc-a575-4e8a-a45b-eed8940b89ba","url":"https://video4.virtuos.uni-osnabrueck.de/paella/ui/watch.html?id=5ed3ebcc-a575-4e8a-a45b-eed8940b89ba","visible":"invisible"},"mkdate":"2022-04-03T23:19:23+02:00","chdate":"2022-04-03T23:21:43+02:00"}},{"type":"courseware-blocks","id":"195033","attributes":{"position":5,"block-type":"plugin-opencast-video","title":"Opencast","visible":true,"payload":{"series_id":"9c30f36d-7973-4d72-a2ca-927610ec40c8","episode_id":"5ed3ebcc-a575-4e8a-a45b-eed8940b89ba","url":"https://video4.virtuos.uni-osnabrueck.de/paella/ui/watch.html?id=5ed3ebcc-a575-4e8a-a45b-eed8940b89ba","visible":"visible"},"mkdate":"2022-04-03T23:43:56+02:00","chdate":"2022-04-03T23:44:11+02:00"}}]}],"children":[]},{"type":"courseware-structural-elements","id":"125663","attributes":{"position":4,"title":"Homework Walkthrough","purpose":"","payload":{},"public":0,"release-date":null,"withdraw-date":null,"read-approval":{},"write-approval":{},"copy-approval":{},"can-edit":true,"external-relations":{},"mkdate":"2022-04-04T11:54:33+02:00","chdate":"2022-04-07T19:49:58+02:00"},"links":{"self":"/jsonapi.php/v1/courseware-structural-elements/125663"},"containers":[{"type":"courseware-containers","id":"88251","attributes":{"position":0,"site":0,"container-type":"list","title":"Liste","width":"volle Breite","visible":false,"payload":{"colspan":"full","sections":[{"name":"erstes Element","icon":"","blocks":["195475","197080"]}]},"mkdate":"2022-04-04T11:54:58+02:00","chdate":"2022-04-19T17:39:40+02:00"},"blocks":[{"type":"courseware-blocks","id":"195125","attributes":{"position":1,"block-type":"text","title":"Text","visible":true,"payload":{"text":""},"mkdate":"2022-04-04T11:55:12+02:00","chdate":"2022-04-04T21:26:11+02:00"}},{"type":"courseware-blocks","id":"195475","attributes":{"position":1,"block-type":"embed","title":"Embed","visible":true,"payload":{"title":"","url":"https://youtu.be/PU6oeTZzO7s","source":"youtube","starttime":"","endtime":"","oembed_request":"https://www.youtube.com/oembed?url=https%3A%2F%2Fyoutu.be%2FPU6oeTZzO7s&format=json","oembed-unauthorized":false,"oembed-not-found":false,"oembed":{"title":"Homework Walkthrough","author_name":"Robin Horn","author_url":"https://www.youtube.com/channel/UC0zFIbo84jRR5z3qveQn-IQ","type":"video","height":113,"width":200,"version":"1.0","provider_name":"YouTube","provider_url":"https://www.youtube.com/","thumbnail_height":360,"thumbnail_width":480,"thumbnail_url":"https://i.ytimg.com/vi/PU6oeTZzO7s/hqdefault.jpg","html":"<iframe width=\"200\" height=\"113\" src=\"https://www.youtube.com/embed/PU6oeTZzO7s?feature=oembed\" frameborder=\"0\" allow=\"accelerometer; autoplay; clipboard-write; encrypted-media; gyroscope; picture-in-picture\" allowfullscreen></iframe>"},"request":"{\"title\":\"Homework Walkthrough\",\"author_name\":\"Robin Horn\",\"author_url\":\"https://www.youtube.com/channel/UC0zFIbo84jRR5z3qveQn-IQ\",\"type\":\"video\",\"height\":113,\"width\":200,\"version\":\"1.0\",\"provider_name\":\"YouTube\",\"provider_url\":\"https://www.youtube.com/\",\"thumbnail_height\":360,\"thumbnail_width\":480,\"thumbnail_url\":\"https://i.ytimg.com/vi/PU6oeTZzO7s/hqdefault.jpg\",\"html\":\"\\u003ciframe width=\\u0022200\\u0022 height=\\u0022113\\u0022 src=\\u0022https://www.youtube.com/embed/PU6oeTZzO7s?feature=oembed\\u0022 frameborder=\\u00220\\u0022 allow=\\u0022accelerometer; autoplay; clipboard-write; encrypted-media; gyroscope; picture-in-picture\\u0022 allowfullscreen\\u003e\\u003c/iframe\\u003e\"}"},"mkdate":"2022-04-04T21:26:16+02:00","chdate":"2022-04-04T21:26:24+02:00"}},{"type":"courseware-blocks","id":"197080","attributes":{"position":2,"block-type":"text","title":"Text","visible":true,"payload":{"text":"<!--HTML-->\n\n<strong>3 WAYS TO PUSH YOUR CODE<br /><br />\n1- via Terminal</strong><br /><br />\nRun the following 3 commands one by one. Make sure that you are inside the homework folder.<br /><br /><img alt=\"git_push_terminal.png\" src=\"https://studip.uni-osnabrueck.de/sendfile.php?type=0&amp;file_id=6e0fbbaac9a0c16e0285d10912e8f574&amp;file_name=git_push_terminal.png\" /><br /><br /><br /><br /><strong>2- via Visual Studio Code (Suggested way if you are using VSCode as editor)</strong><br /><br />\n If you are using Visual Studio Code and having problems committing your changes via Terminal, do the following;<br /><br />\nNOTE: Run the following commands with your name and email on the terminal. THIS IS ONLY NECESSARY FOR THE FIRST TIME. NO NEED TO RUN EVERYTIME.<br /><br /><img alt=\"git_config.png\" src=\"https://studip.uni-osnabrueck.de/sendfile.php?type=0&amp;file_id=488982d12d1b69cc973db2edf242a19d&amp;file_name=git_config.png\" /><br /><br /><br />\nClick the source control icon on the left panel<br /><br /><img alt=\"1.png\" src=\"https://studip.uni-osnabrueck.de/sendfile.php?type=0&amp;file_id=0ce952d73881ec6177f95eb2821c451f&amp;file_name=1.png\" /><br /><br /><br />\nEnter a commit message and click the tick icon marked with yellow to commit your changes. It automatically adds your modified files.<br />\nAlternatively, you can press Control and Enter on Windows, Command and Enter on Mac to commit.<br /><br />\n(Every modified file has + (plus) button on the right side. You can click the button manually for only the files you want to commit. Rare usecase for us.)<br /><br /><img alt=\"2.png\" src=\"https://studip.uni-osnabrueck.de/sendfile.php?type=0&amp;file_id=2527cd8c1922253d29e48837424d2952&amp;file_name=2.png\" /><br /><br /><br />\nAnd finally, click the Sync Changes button and then your code will be pushed.<br /><br /><img alt=\"3.png\" src=\"https://studip.uni-osnabrueck.de/sendfile.php?type=0&amp;file_id=51d7c346135689424887ecb1939dcfd6&amp;file_name=3.png\" /><br /><br /><br /><strong>3. via Github Desktop</strong><br /><br />\nAs shown in the video, it is as easy as the second way. Feel free to use any.<br /><br /><br /><br /><br />\n "},"mkdate":"2022-04-07T19:48:59+02:00","chdate":"2022-04-12T11:09:34+02:00"}},{"type":"courseware-blocks","id":"197646","attributes":{"position":3,"block-type":"text","title":"Text","visible":true,"payload":{"text":""},"mkdate":"2022-04-12T10:27:35+02:00","chdate":"2022-04-12T10:28:19+02:00"}},{"type":"courseware-blocks","id":"197702","attributes":{"position":4,"block-type":"text","title":"Text","visible":true,"payload":{"text":"<!--HTML-->\n\n\n\n\n<h1>Frequently Asked Questions:</h1>\n<br /><strong>1- Where and when can I get help?</strong><br />\n  - Monday 10:00-12:00 coding support (online only)<br />\n  - Friday 14:00-16:00 (Online or Face to face in 35/E16)<br />\n  - You can also get help from other students in inofficial telegram group.<br /><br /><br /><strong>2- Why I can not push my code?</strong><br />\n  -There are many reasons. Best way to solve this problem is pushing via VSCode source control or Github Desktop.<br /><br /><br /><strong>3- I see people using terminal commands like ls, etc.. Why it does not work on Windows?</strong><br />\n   - Don't use windows command line (CMD), use Powershell or Git Bash instead. Both should be already installed.<br />\n   - <a class=\"link-extern\" href=\"https://www.youtube.com/watch?v=J2zquYPJbWY\" target=\"_blank\" rel=\"noreferrer noopener\">Basic commands tutorial</a><br /><br /><br /><strong>4- Why pytest is so slow?</strong><br />\n  - Pytest runs multiple test cases for your functions. The time depens on how long your function takes to give the output. You can change the way you solve the problem to make it faster.<br />\n  - Don't push your code and wait until github finishes testing. Test locally by using VSCode testing or run the pytest command on terminal. After passing, you can push."},"mkdate":"2022-04-12T11:08:55+02:00","chdate":"2022-04-19T17:39:40+02:00"}}]}],"children":[]}]}