[{"attributes":{"name":"git_push_terminal.png","description":"","mkdate":"2022-04-12T10:28:26+02:00","chdate":"2022-04-12T10:28:26+02:00","downloads":393,"filesize":91295,"mime-type":"image/png","is-readable":false,"is-downloadable":true,"is-editable":false,"is-writable":false},"related_block_id":"197080","id":"6e0fbbaac9a0c16e0285d10912e8f574","folder":{"id":"58d7f664ae6263574200ed2c37d8904d","name":"Unknown","type":"StandardFolder"}},{"attributes":{"name":"git_config.png","description":"","mkdate":"2022-04-12T10:38:52+02:00","chdate":"2022-04-12T10:38:52+02:00","downloads":392,"filesize":39057,"mime-type":"image/png","is-readable":false,"is-downloadable":true,"is-editable":false,"is-writable":false},"related_block_id":"197080","id":"488982d12d1b69cc973db2edf242a19d","folder":{"id":"58d7f664ae6263574200ed2c37d8904d","name":"Unknown","type":"StandardFolder"}},{"attributes":{"name":"1.png","description":"","mkdate":"2022-04-12T10:52:16+02:00","chdate":"2022-04-12T10:52:16+02:00","downloads":392,"filesize":55651,"mime-type":"image/png","is-readable":false,"is-downloadable":true,"is-editable":false,"is-writable":false},"related_block_id":"197080","id":"0ce952d73881ec6177f95eb2821c451f","folder":{"id":"58d7f664ae6263574200ed2c37d8904d","name":"Unknown","type":"StandardFolder"}},{"attributes":{"name":"2.png","description":"","mkdate":"2022-04-12T10:54:46+02:00","chdate":"2022-04-12T10:54:46+02:00","downloads":393,"filesize":37349,"mime-type":"image/png","is-readable":false,"is-downloadable":true,"is-editable":false,"is-writable":false},"related_block_id":"197080","id":"2527cd8c1922253d29e48837424d2952","folder":{"id":"58d7f664ae6263574200ed2c37d8904d","name":"Unknown","type":"StandardFolder"}},{"attributes":{"name":"3.png","description":"","mkdate":"2022-04-12T10:59:24+02:00","chdate":"2022-04-12T10:59:24+02:00","downloads":392,"filesize":45055,"mime-type":"image/png","is-readable":false,"is-downloadable":true,"is-editable":false,"is-writable":false},"related_block_id":"197080","id":"51d7c346135689424887ecb1939dcfd6","folder":{"id":"58d7f664ae6263574200ed2c37d8904d","name":"Unknown","type":"StandardFolder"}}]